Title,is_phone
Griffin Survivor All-Terrain Heavy Duty Case (Brand New),0
"Ã¢ Apple iPhone 7 Plus - 32GB. T-Mobile, Metro, Simple mobile",1
Samsung Galaxy S9+ 128gb unlocked,1
(2) Apple iPhone Xr - both 64GB - READ DESCRIPTION!,1
Ã¢ Apple iPhone 8-64GB (Sprint&Boost only),1
Apple MQAG2B/A iPhone X - 256GB - Silver (Unlocked),1
iPhone 7 Rose Gold,1
iPhone XR 64GB Verizon AT&T,1
NINTENDO SWITCH BRAND NEW.,0
iPhone 6s 16GB Unlocked Brand New,1
iPhone 6s 16GB Unlocked Brand New,1
iPhone 6s 16GB Unlocked Brand New,1
iPhone 6s 16GB Unlocked Brand New,1
iPhone XR 64GB Verizon AT&T,1
NINTENDO SWITCH BRAND NEW.,0
iPhone 6s 16GB Unlocked Brand New,1
iPhone XR 64GB Verizon AT&T,1
iPhone XR 64GB Verizon AT&T,1
iPhone 6s 16GB Unlocked Brand New,1
iPhone 6s 16GB Unlocked Brand New,1
iPhone XR 64GB Verizon AT&T,1
Cellphone Repair Fast While You Wait,0
iPhone 6s 16GB Unlocked Brand New,1
iPhone XR 64GB Verizon AT&T,1
iPhone XS 64GB AT&T,1
Apple MacBook 1TB Storage 8GB Ram,0
iPhone XR 64GB Verizon AT&T,1
iPhone 8 64GB Unlocked,1
NINTENDO SWITCH BRAND NEW.,0
iPhone 11 Pro,1
iPhone 11 new 64GB red unlocked to any carrier,1
"CASH NOW FOR iPhone 11 , 11 Pro Max , XS Max Xr Samsung Galaxy , BUYER",0
"CASH NOW FOR iPhone 11 , 11 Pro Max , XS Max Xr Samsung Galaxy , BUYER",0
POSH MEMO 5.8 INCH CELL PHONE MINT CONDITION,1
HTC DESIRE 626 S (2) NEAR MINT CONDITION,1
YUNTAB Q600 DUAL SIM 6 INCH SCREEN NEW CONDITION,1
GETTING RID OF THESE CELL PHONES AS IS,0
Samsung A50 unlocked,1
Cellphone Repair Fast While You Wait,0
Like new rose gold Tmobile iPhone 7,1
Like new rose gold sprint iPhone 6s,1
Apple iPhone 11 64gb Verizon,1
Factory unlocked iPhone 6,1
Like new Tmobile iPhone 7 Plus,1
iPhone 8 64gb Tmobile rose gold,1
iPhone Unlock (Carrier iCloud Or Blacklist),1
Box and Accessories of iPhone SE,0
Samsung Galaxy A20,1
DX~~TOP iPHONE & SAMSUNG BYR!!255GB & 510+2GB !!,0
BUY!!Apple Iphone 8+ top buyyyyer-T LOCKED MobilE !OP,0
MN~~W+E @are Ttoooop Iphone@PASSCODE-Buyyyeerr;/',0
Apple iPhone 11 Pro max 256gb Phone is brand new 3D Depth Sensor,1
Apple iPhone X no damage or issues 4K Video Recording Telephoto Lens,1
iPhone 8 64GB Rose Gold Unlocked Pristine,1
**iPhone X (Excellent Condition) 64GB UNLOCKED + ACCESSORIES!!,1
2-IPHONES--4S--CHARGING CABLES--CASES--WORK,0
BOOST PREPAID CARDS,0
iPhone X Silver 256 GB Unlocked to any network iPhone X has 256GB,1
iPhone iPhone X Silver 256 GB Unlocked to any network iPhone X has 25,1
iPhone X/XS mophie juice pack charging case. Brand new never used,1
iPhone X/XS mophie juice pack charging case. Brand new never used,1
Samsung S9+,1
iPhone 8 Rose Gold 64gb T-Mobile,1
IPhone 6 64 g,1
Brand NEW iPhone 11 PRO,1
iPhone 6S Plus 128GB AT&T,1
Buying Blacklisted iPhones,0
iPhone 11 Pro Max 512gb AT&T Sealed Mdnght Green,1
iPhone 6S 64Gb Tmobile,1
iPhone X 64GB Unlocked,1
Samsung Galaxy S8 Plus Unlocked,1
iPhone SE 32GB Unlocked,1
iPhone 7 Plus 128GB Unlocked,1
iPhone X 64GB Unlocked,1
Outerbox kept Samsung Note 8 AT&T with NEW EXTRAS & Original box,1
Very Babied Samsung Galaxy Note 8 Att with NEW EXTRAS 64GB,1
iPhone 6 Plus 128GB AT&T With Otter Box - Excellent Condition,1
Ã¢ Apple iPhone Xr - 64GB READ DESCRIPTION!,1
OP~~BUY!!HEY EXCLUSIVE PPRICE FFOR ICLOUD LOCKED PHONES !,0
Apple iPhone 6s - 32GB. Unlocked for Metro Only,1
Apple iPhone 6s- 16GB (Sprint&Boost only),1
(2) Apple iPhone SE 16GB & 32GB Unlocked for all carriers,1
Ã¢ Apple iPhone 6 - 16GB (Sprint&Boost Only). Price firm,1
Ã¢ Apple iPhone 6s - 64GB Unlocked for all carriers.,1
iPhone 11 Pro Max 512gb,1
IPhone XS MAX 64GB UNLOCKED,1
BIG!!EXcellent iPhone 8/7 icloud/X At/T-mobile!looking;,0
Looking to BUY IPHONES & GALAXY . Paying TOP CASH! 24 hrs a day,0
iPhone XS Max Philadelphia Eagles case,0
New Verizon Samsung Galaxy Note 10+- Black,1
ALCATEL,1
U@@nlocked iPhone XS Max@@ Great @@Condition -,1
display 5.8Ã¢inch 11 Pro(iPhone),1
BRAND NEW IPHONE 11,1
We buy Iphone 11 and 11 Pro - any carrier- any condition,0
"UNLOCKED iPhone 6S Plus 128GB Gray Great cond, Clean IMEI Mint",1
iPhone 11 - 256GB - Midnight Green,1
"CASH NOW FOR iPhone 11 , 11 Pro Max , XS Max Xr Samsung Galaxy , BUYER",0
Motorola E4 16GB Unlocked,1
REAL!W@ TEN X APPLE iPHONE top[ BUYER#@ NEW IPHONE #DX,0
Brand new sealed 512gb Verizon iPhone 11 pro max,1
Selling iPhone 11 pro max 256g Midnight Green Unlocked Good condition,1
Silver in color Top quality iPhone X 256GB T mobile Original owner,1
OnePlus 7T Unlocked LIKE NEW,1
Apple iPhone XR 64 GB AT&T,1
Original shape-*iPhone XS Max*!!* 256gb gold unlocked,1
Motorola Moto G4 Play XT1607 16GB,1
iPhone 5s 8gb AT&T,1
Samsung Galaxy S10 plus Warranty Fantastic with 128G In Box,1
iPhone 11,1
IPhone 11 pro max,1
IPhone 11 pro max,1
iPhone leather cases,0
Samsung Note 9 Sim Free with 512G,1
"flip cell phones , some with chargers",1
Iphone 4 32gb Black Verizon,1
*NEW* IPHONE 11 64GB *NEW*,1
IPHONE 11 PRO MAX 512GB,1
iPhone 7 Earbuds - never used !!!,0
"Brand new, unopened Samsung Galaxy LTE smart Watch 46mm SM-R805.",0
iPHONE XR locked,1
iPhone 8 64gb Factory Unlocked - $329.00 OBO,1
iPhone 11 PRO - 256GB - Midnight Green,1
New In Box Apple iPhone 11 Pro Max 256GB Unlocked,1
BRAND NEW IN BOX BLUE LG Q7 + UNLOCKED,1
Ã¢ Apple iPhone 6 - 128GB Unlocked for all carriers.READ DESCRIPTION!,1
iPhone 11 - 256GB*Popular Color Gren,1
iPhone XS 256gb Gold in BRAND NEW CONDITION!,1
iPhone XS 64gb unlocked,1
iPhone 11 pro max 512gb unlocked,1
NEW WHITE IPHONE X 256 GB,1
iPhone 7 Plus 32GB At&t / Cricket,1
LG xstyle LTE TracFone w Rose Gold Case and 1350 min Text data,1
iphone ipad samsung galaxy screen replacement,0
iphone ipad samsung galaxy screen replacement,0
Car battery jump starter,0
iphone ipad samsung galaxy screen replacement,0
Cell Phone battery LG Optimus L90 D415,0
Phone car Charger Micro-USB New-Motorola,0
Galaxy S7 Swivel Belt Clip Holster,0
Like new Unlocked Gold 256gb iPhone XS + free iPad Air,1
Brand new iPhone xs 256 gb $700 Or Best Offer,1
iPhone 7 32 GB,1
iphone ipad samsung galaxy screen replacement,0
Galaxy S10+ Prism White 128GB,1
"UNLOCKED iPhone 6S 16GB Gray, Clean IMEI, great condition",1
VERIZON BLUETOOTH HEADSET,0
Tmobile Oneplus 6T 8gb of ram 128gb storage,1
"IPHONE 6,6S,7,8 GLASS PROTEC",0
"IPHONE 6,6S,7,8 GLASS PROTEC",0
MOTO G6 HARD CASE,1
Samsung Galaxy A50 New Seaked Box. Unlocked,1
iPhone SE Space Gray,1
Unlocked Motorola Moto G6/G7/G7 Power,1
LG Stylo 4 Unlocked Worldwide. New,1
Samsung Galaxy J7 Star Worldwide Unlocked New,1
iPhone XS Max 64gb Unlocked,1
iPhone 6 Silver 16 GB,1
Apple cellphone adapters,0
iPhone 8 64GB Unlocked,1
iphone ipad samsung galaxy screen replacement,0
Pixel 2 XL 128gb,1
OnePlus 6 128gb,1
IPHONE X 256GB T-MOBILE UNLOCKED - LIKE NEW,1
iphone ipad samsung galaxy screen replacement,0
iphone ipad samsung galaxy screen replacement,0
iphone ipad samsung galaxy screen replacement,0
IPhone 7 armor cases/lot of 95 pieces,0
SAMSUNG 4G CORE PRIME LTE,1
3 IPHONES LOCKED,1
iPhone XS Max UAG Monarch and Apple Brand Leather Case - Cape Cod Blue,1
Samsung Galaxy s9,1
iPhone 11 - 256GB - Midnight Green,1
iPhones for sale,1
32gb unlocked iPhone 7plus,1
Apple iphone 11 Pro MAX 512GB,1
Samsung galaxy S6 EDGE 128G,1
"IPHONE 6, 6S, 7, 8 PELICAN HARD CASE",1
iPhone 6s,1
Iphone xs max 256gb unlocked (Verizon),1
Pristine condition iPhone X 256GB - Silver Screen size - 5.8 inches,1
I phone 11 Pro,1
CASE-MATE Brilliance Crystal and Leather Case for iPhone 6 6s Gold,1
"Moto E5 Play, Verizon, Black, 16GB",1
Samsung S10e,1
LuMee Two Smartphone Case,0
*New Otterbox Commuter Case + Tech Armor Screen Protector Samsung S9*,0
***Unlocked Verizon Samsung S5 Smartphone In Box w/Accessories***,1
"iPHONES WANTED - 11 PRO MAX, 11 PRO & 11",0
Samsung Galaxy Note 10 Plus 256GB Tmobile,1
Iphone Xr,1
iPhone 6 Accessories CHEAP!!!,0
Cash for iPhone 11 / Pro Max - XS Max XR X - Samsung Galaxy S10 Buyer,0
iPhone 10XS max 256gb perfect condition!,1
iPhone XS Max 64 GB Unlocked,1
Samsung Galaxy A50 Android Smartphone Unlocked Open Box 64GB,1
Car Charges for Cell Phones (2-Verizon Products),0
iphone x 256 gb silver,1
"i pay CASH - iPhone 11 pro Max , Xs Max Xr galaxy s10 note 10 iPhone X",0
Apple Iphone XR White 64GB,1
"iPhone XS Max, Unlocked, 1 year warranty.",1
Apple iPhone 6 Plus (64GB / Space Grey / Unlocked) - Good,1
"iPhone XR, unlocked, 1 year warranty",1
iPhone 5s Att,1
Samsung Galaxy j7,1
Brand New Cell Phone Case for iPhone 11 Pro Max,1
iPhone 8 64GB Unlocked,1
Apple iPhone 8 Plus (64GB/Black/Unlocked) - Like New,1
Motorola Z2 Force Android Phone (Unlocked/Black) - New in Box,1
Samsung Galaxy Note 10+ Plus (256GB/Blue/Unlocked) - New Sealed,1
Sony Xperia 1 *Unlocked* 4K OLED 21:9 Cell Phone (Purple) - New Sealed,1
Samsung Galaxy Note 10+ Plus *Unlocked US* (Aura Glow/256GB) - Mint,1
T-Mobile revvl,0
Cash for Galaxy S10 / S10+ Plus / Note 10 Plus / S9 S9+ Plus / Note 9,0
iPhone 11 Pro Max trade for non-max,1
Unlocked 32gb iPhone SE A1662,1
Galaxy Note 10 plus UNLOCKED NEW!,1
Iphone 5c unlocked/jailbreak - / Available Now !!!,1
Apple iPhone 11 Pro Max 256GB New In Box,1
iPhone case Leather New 10 or 10x,0
iPhone leather case New 10 or 10X,0
HD display technology iPhone X 64GB Unlocked Smartphone Silver,1
iPhone 7 Otter Box,0
IPHONE REPLACEMENT SCREENS,0
"Ã¯Â£Â¿ We buy iphones X , XS, 11- Top Dollar Cash buyer",0
Unlocked iPhone 8 Plus Gold 64GB,1
Galaxy S5 White 16GB for ATT,1
iPhone 6 16 GB Silver,1
Factory unlocked- iPhone X-6/4 Gb all Networks,1
Tweed Plaid Wool Felt Leather Cellphone Case Wallet- USA Vintage,0
Jabra EarBud Mono 2.5mm Wired Headset- Inline Mic,0
Sony Xperia XA Ultra,1
lg v20,1
Apple iPhone X - 64GB - Silver AT&T New In Box (Unlocked) sprint,1
iCloud Activation Lock Removal Service,0
Alcatel idealXTRA AT&T phone,1
iPhone XR,1
iPhone 11 pro,1
unlocked Google Pixel 1,1
New Motorola Moto Z2 Force AT&T can work on other GSM once unlocked,1
Verizon Samsung Galaxy S7,1
Motorola Nexus,1
Samsung Galaxy S9 (Unlocked),1
A2161 (cdma + gsm) 11 pro max 256GB Midnight Green Telephoto Lens,1
Apple receipt - factory unlocked iPhone 11 Pro,1
Cash for Phones - iPhone iPad Macbook Samsung Galaxy - New Used Broken,0
iPhone 7 Plus 32gb jet black unlocked,1
iPhone 11 Pro,1
iPhone XR,1
IPHONE 8 64GB UNLOCKED - LIKE NEW,1
IPHONE 6S 32GB VERIZON UNLOCKED - LIKE NEW,1
IPHONE 6 16GB VERIZON UNLOCKED - LIKE NEW,1
FACTORYUNLOCKED SAMSUNG GALAXY S8 PLUS - LIKE NEW!!!,1
"IPHONES WANTED - 11 PRO MAX, 11 PRO & 11",1
"Samsung Galaxy s6 - White, 32gb, Unlocked AT&T",1
Samsung Galaxy S5/white for ATT parts phone/ works but battery drains,1
Cricket Wireless,0
iPhone 7 Plus,1
iPhone 6s Plus Speaker,0
iPhone 6s Plus Speaker,0
iPhone 7 Plus (New) LCD Screen,1
New LCD For iPhone X,0
New Lcd For iPhone 5,0
New Lcd For iPhone 5s,0
iPhone 5s Speaker,0
New LCD For iPhone X,0
New LCD For iPhone X,0
New Lcd For iPhone 5,0
Samsung Galaxy S5 (New) LCD Screen,0
AT&T iPhone X,1
64 giga iPhone Xs Max Fantastic 1 Year Warranty apple unlocked,1
Cover for Samsug Galaxy Core Prime,0
iphone x,1
Apple iPhone 11 PRO Like Brand New,1
Samsung Galaxy S8 Plus SM-G955U Xfinity Mobile,1
iPhone XS Max 256gb Unlocked,1
iPhone 6s - UNLOCKED,1
GameSir G4S controller,0
256GB I P H O NE PRO MAX FOR SALE *,1
Apple iPhone 6S,1
2x iPhone SE 64GB broken screens,0
**/(Good Working X 64gb)/**Afreen Afreen*** no scratches,1
Sony XA2 Ultra 6 inch Unlocked Phone,1
Samsung Galaxy S9 Like New,1
iPhone 11 Red,1
**/(Good Working X 64gb)/**Afreen Afreen*** no scratches,1
/(Good Working X 64gb)/*Unlocked* --------> Click Love is Life,1
/(Good Working X 64gb)/*Unlocked* --------> Click Love is Life,1
LIFEPROOF CASES IPHONE 8PLUS,0
LIFEPROOF & OTTERBOX CASES SAMSUNG S8,0
Apple iPhone 8 Plus 256GB - unlocked SIM,1
IPhone 8,1
IPhone 7,1
"i pay CASH - iPhone 11 pro Max , Xs Max Xr galaxy s10 note 10 iPhone X",0
"Excellent condition Apple iPhone 11 pro max, 256 gigs 6.5 inch Display",1
Unlocked Apple iPhone X 256gb silver AT&T Excellent Condition,1
iPhone 7 Plus 128g unlocked- no shipping or paypal,1
Brand new - Otterbox Defender Series I pad Air 2 Case,0
iPhone XS Max 512gb Unlocked,1
Nokia E66 Symbian OS cell phone,1
No scratches on body or screen iPhone 11 Pro,1
Unlocked iPhone 7plus,1
"Lg g6 mint condition, case, screen protector n charger",1
Factory Unlocked Samsung Galaxy S10e *Pristine*,1
Sell Your Samsung Galaxy and Note Devices - Local Buyer,0
iPhone 6s,1
"CA$H for iphone X & UP! New,used,cracked - Fair offer!!",0
We Buy Smartphones,0
Samsung Galaxy Note 10+ Plus Unlocked Sealed in box,1
Unlocked - iPhone X,1
Unlocked iPhone 6s Plus,1
We pay top $$ IPHONESXs and XS MAX- TOP PRICES- bad imei/financed,0
**//Print**MINT**iPhone 7 Plus 128gb*!UnLocked~~!!**//****PerFectLy**,1
Cell Phone Cases Covers Skins Screen Protectors Other Accessories,0
**//Print**MINT**iPhone 7 Plus 128gb*!UnLocked~~!!**//****PerFectLy**,1
"i pay CASH - iPhone 11 pro Max , Xs Max Xr galaxy s10 note 10 iPhone X",0
10/10 condition IPhone 11 Pro 256 gb Midnight Green HDR Display,1
Galaxy S6 edge Lcd Screen Replacement,0
Samsung Galaxy S7 Phones Repair Center,0
Samsung Galaxy S5 LCD screen replacement,0
iPhone 5c Lcd Screen Replacement,0
Galaxy S4 LCD Screen Replacement,0
iPhone 7 Lcd Screen Replacement,0
iPhone 7 Plus Battery,0
Galaxy S7 Lcd Screen Replacement,0
iPhone 6s Battery,1
New LCD Screen for iPhone 6 Plus,0
New LCD Screen for iPhone SE,0
New LCD Screen for iPhone 7 Plus,0
New LCD Screen for iPhone 5,0
Repair iPhone 8,0
New LCD Screen for iPhone 6,0
New LCD Screen for iPhone 5c,0
New lcd screen replacement for iPhone 8 plus,0
iPhone SE Lcd Screen Replacement,0
New lcd screen replacement for iPhone 6 plus,0
iPhone 5s LCD Screen Replacement,0
TracFone ZTE Majesty Pro Android cell phone,1
"**CASH**for your Iphone X &Up-new,used,broken- Fair offer",0
"CA$H for iphone X & UP! New,used,cracked,blacklisted",0
Nokia 6 - Stock Android,1
Lot of multiple used different cellphones,0
iPhone XS MAX 64 gb at&t,1
iPhone 7 Plus,1
OnePlus 7T,1
@@Network unlocked IPhone X 64GB **!!~**'/without original box,1
OBO unopened AT&T black 64gb Iphone xr,1
Samsung S8+ 64GB - Like new,1
iPhone xmax 256gb unlock like new,1
**//Print **MINT** iPhone 7 Plus 128gb***Unlocked**PerFectLy** -,1
iPhone X Unlocked,1
iPhone 8 plus 64 gb,1
**//Print **MINT** iPhone 7 Plus 128gb***Unlocked**PerFectLy** -,1
**/(Good Working Cond)/**print/** Never USED*!*@,0
**/(Good Working Cond)/**print/** Never USED*!*@,0
Galaxy s7,1
iPhone 7 128GB - Black - AT&T - Excellent,1
Brand New iPhone SE 32GB,1
iPhone 11 PRO SUPER RETINA HD,1
BLACKFRIDAY DEALS,0
Unlocked Rose Gold iPhone 6s Plus 64GB Excellent Condition,1
Brand new IPhone XR 64GB black,1
Unl/ocked Apple iPhone X 256gb Silver Super Retina HD display,1
iPhone 11 Pro 3D touch - No iCloudA,1
Samsung Galaxy S5,1
iphone 11 pro,1
iPhone 8plus(256gb),1
Google Pixel Screen Protector,0
Unlocked Samsung Galaxy S8+,1
Apple Iphone X silver 256gb 5.8-inch display Accepts any chip,1
T-Mobile IPhone 7PLUS,1
iPhone 11 pro max 256GB Midnight Green 100% authentic Apple product,1
iPhone 6,1
Artisto 2 by LG,1
Iphone X 256 GB,1
Pixel 3a XL is in great condition Best offer,1
AT&T iPhone XS Max silver,1
ALCATEL,1
iphone ipad samsung galaxy screen replacement,0
iphone 8 256G UNLOCKED ANY CARRIER excellent condition,1
We Buy Smartphones: Get Ca$h Today!!!,0
Pixel xl 3 unlocked from Google,1
Google Pixel 2 XL Unlocked New in Box,1
iphone ipad samsung galaxy screen replacement,0
iphone ipad samsung galaxy screen replacement,0
Repair iPhone 8 Plus,0
Galaxy S7 Edge Lcd Screen Replacement,0
iPhone 7 plus Lcd Screen Replacement,0
Repair iPhone 8 Plus,0
Repair iPhone 5c,0
New lcd screen replacement for iPhone 6s,0
New LCD Screen for iPhone 5c,0
New LCD Screen for iPhone 5,0
New LCD Screen for iPhone 5,0
New LCD Screen for iPhone 5s,0
New lcd screen replacement for iPhone 6 plus,0
New LCD Screen for iPhone 6,0
Repair iPhone 6,0
New LCD Screen for iPhone 7 Plus,0
Repair iPhone 5,0
Repair iPhone 6s,0
Repair iPhone 6s,0
Repair iPhone 6 Plus,0
Repair iPhone 6s Plus,0
New LCD Screen for iPhone 6s Plus,0
New LCD Screen for iPhone SE,0
iPhone 5c Lcd Screen Replacement,0
iPhone 7 plus Lcd Screen Replacement,0
New lcd screen replacement for iPhone 6s,0
Repair iPhone 5,0
New lcd screen replacement for iPhone 6 plus,0
Repair iPhone 6,0
Repair iPhone 6s,0
Repair iPhone 6s Plus,0
New LCD Screen for iPhone 5s,0
Repair iPhone 6 Plus,0
iPhone Repair Center,0
Repair iPhone 8 Plus,0
iPhone 7 Battery (New),0
Repair iPhone 6s Plus,0
iPhone 5 Repair,0
iPhone 6 Battery (New),0
iPhone 8 Battery (New),0
iPhone X Repair,0
Repair iPhone 5c,0
iPhone 5s Battery,0
iPhone 6 Plus Battery (New),0
We Unlock all the cellphones,0
iPhone 5 Battery,0
iPhone 6s Battery (New),0
iPhone 6 Plus Repair,0
iPhone 6s Repair,0
iPhone 5s Repair,0
iPhone 5 Repair,0
iPhone 6 Repair,0
iPhone 6s Plus Battery (New),0
Brand new unlocked galaxy s10e,1
HTC One m7,1
Iphone 5s for parts,0
AT&T APPLE IPHONE 7 PLUS 128GB 13.2.3 MN522LL/A MATTE BLACK - BAD IMEI,1
iPhone X 256GB Unlocked *BONUS-phone case and screen guard*,1
Apple iPhone 8 64gb Unlocked,1
S8 PLUS. new.. Globally unlock,1
always used a screen protector/case,1
LG V20. New! Globally unlock,1
Samsung Galaxy J7 Star,1
Looking to BUY IPHONES & GALAXY . Paying TOP CASH! 24 hrs a day,0
Brand new unlocked galaxy s10e,1
iPhone X max,1
iPhone X max,1
Samsung Galaxy Note 10 Plus,1
iPhone XS Max 512GB!!,1
Print **MINT** iPhone 7 Plus 128gb **/(Good Working Cond)/,1
Print **MINT** iPhone 7 Plus 128gb **/(Good Working Cond)/,1
iPhone XR == - 256GB - Black - UNLOCKED,1
"i pay CASH - iPhone 11 pro Max , Xs Max Xr galaxy s10 note 10 iPhone X",0
Samsung Galaxy Note 8 (Unlocked),1
iPhone XR with Black apple charging case,1
Everything works iPhone XR 256GB BLACK,1
iPhone 11 Pro All Carrier UNLOCKED,1
IPhone X 256gb Silver color clean software installed###all accessories,1
Iphone,1
BRAND NEW NEVER USED UNLOCKED GOOGLE PIXEL 3A XL. IMEI IN PICTURES.,1
iPhone 6 Plus Battery,0
iPhone 5 Battery,0
iPhone 8 (New) LCD Screen,0
iPhone X Battery,0
iPhone 8 Plus Battery,0
iPhone 5s Battery,0
iPhone 5c Battery,0
iPhone 5s Speaker,0
LG Stylo 4 + Plus,1
Samsung Galaxy S10+ Case,0
Samsung Galaxy S10+ Case,0
AT&T iPhone XR 64GB,1
Apple iPhone X silver 256 gb#like new# can be used on all networks,1
10/10 condition IPhone 11 Pro Max 256 gb Midnight Green HDR Display,1
Cellphone Repair Fast While You Wait,0
Google Pixel 3 XL - Unlocked - 64 GB - Black - Open Box,1
Samsung Galaxy S9,1
Car battery jump starter,0
Unlocked-Galaxy S10,1
iPhone XS Max 64g,1
Cash 4 Apple Products : iPhone 11 pro max iPad Pro XS Max AirPods,0
PÃƒÂ y top dollar$$ for iPhone 11 And 11 Pro Max,0
Motorola Moto G6 Android Phone UNLOCKED 32GB,1
"i pay CASH - iPhone 11 pro Max , Xs Max Xr galaxy s10 note 10 iPhone X",0
iPhone XS Max - Like New,1
OnePlus 7 Pro Unlocked,1
iPhone 8 Plus 64GB unlocked,1
"XS 512GB like new condition charger, case & box",1
iPhone XS Max (Xfinity Mobile),1
Iphone 8+ 64GB,1
Samsung S9 Plus 64G Coral Blue Verizon Unlocked.,1
New Samsung S9 Plus 64G Coral Blue Verizon Unlocked,1
*$850 GOLD XS MAX IPHONE*,1
"IPhone SE 64gb (with extras, very good)",1
Brand new - Otterbox Defender Series I pad Air 2 Case,0
Samsung cell phone lot,0
Looking to BUY IPHONES & GALAXY . Paying TOP CASH! 24 hrs a day,0
***Like New Huawei Honor View 10***,1
11 PRO 256 GB Case & BOX NEW,1
Cellphone Repair Fast While You Wait,0
Iphone X 64GB and Iphone 8 plus 256GB,1
iPhone 6 UNLOCKED,1
iPhone 6s 16GB Unlocked Brand New,1
Galaxy S8 unlocked cellphone,1
"Ã¢Ã¢Ã¢Ã¢iPhone - XR 256GB, Black, (Unlocked) - Ã¢Ã¢Ã¢Ã¢Ã¢ with the case",1
fully tested runs great IPhone 11 pro max 256GB Midnight Green,1
Apple iPhone X AT&T,1
"i pay CASH - iPhone 11 pro Max , Xs Max Xr galaxy s10 note 10 iPhone X",0
iPhone 8 64GB for Verizon,1
"IphoneÃ¢Â Ã¢Â XR 6.1"" Retina Ã¢Â Ã¢Â 256 gig - Clean esn",1
iPhone XR 256 GB==Wireless Charging==='Brand new,1
Repair iPhone 6s Speaker,0
iPhone 5s (New) LCD Screen,0
iPhone 5c Speaker,0
iPhone 8 Plus (New) LCD Screen,0
iPhone 5s Speaker,0
iPhone 6s Speaker,0
iPhone 6 Plus (New) LCD Screen,0
iPhone SE (New) LCD Screen,0
iPhone 6 Plus Speaker,0
iPhone 6S Plus (New) LCD Screen,0
iPhone 5s Speaker,0
iPhone 6 (New) LCD Screen,0
iPhone 6 Plus (New) LCD Screen,0
iPhone 5 (New) LCD Screen,0
iPhone 6s (New) LCD Screen,0
iPhone 5 Speaker,0
iPhone 5c (New) LCD Screen,0
iPhone X (New) LCD Screen,0
iPhone 8 (New) LCD Screen,0
iPhone 7 (New) LCD Screen,0
iPhone 7 Plus (New) LCD Screen,0
iPhone 5 (New) LCD Screen,0
iPhone 6s (New) LCD Screen,0
iPhone 5c (New) LCD Screen,0
iPhone 7 (New) LCD Screen,0
iPhone 5 (New) Screen,0
iPhone 5s (New) LCD Screen,0
iPhone 8 (New) LCD Screen Replacement,0
iPhone 7 Plus lcd screen replacement,0
Repair iPhone 5s,0
iPhone 6 Plus (New) LCD Screen Replacement,0
iPhone 5 (New) LCD Screen Replacement,0
iPhone 7 lcd screen replacement,0
iPhone 7 Plus (New) LCD Screen,0
iPhone 8 (New) LCD Screen Replacement,0
iPhone X (New) LCD Screen,0
iPhone X (New) LCD Screen,0
iPhone 7 Plus lcd screen replacement,0
iPhone SE (New) LCD Screen,0
iPhone SE (New) LCD Screen,0
iPhone 7 LCD Screen,0
iPhone 7 Battery,0
iPhone 5s Battery,0
iPhone 6 Plus Battery,0
iPhone 6 Battery,0
iPhone 6s Battery,0
iPhone 5c Battery,0
iPhone 5c Battery,0
iPhone 5 Battery,0
iPhone 7 Plus Battery,0
iPhone 7 Plus (New) LCD Screen,0
New LCD For iPhone X,0
iPhone 8 (New) LCD Screen,0
iPhone 8 Plus (New) LCD Screen,0
iPhone 8 Plus (New) LCD Screen,0
New Lcd For iPhone 7,0
(New) LCD Screen Replacement for iPhone 6s Plus,0
(New) LCD Screen Replacement for iPhone 8,0
Repair iPhone 6,0
(New) LCD Screen Replacement for iPhone 8 Plus,0
(New) LCD Screen Replacement for iPhone 7,0
(New) LCD Screen Replacement for iPhone 6,0
(New) LCD Screen Replacement for iPhone 7 Plus,0
(New) LCD Screen Replacement for iPhone 6 Plus,0
(New) LCD Screen Replacement for iPhone 5,0
(New) LCD Screen Replacement for iPhone SE,0
(New) LCD Screen Replacement for iPhone 6s,0
Repair iPhone 5,0
iPhone 8 Repair,0
Repair iPhone SE,0
iPhone 5c (New) LCD Screen,0
Galaxy S5 New LCD Screen,0
Repair iPhone 5s,0
"SAMSUNG, LG, AND HUAWEI PHONES",0
Google Pixel 2 XL - 64GB - Panda (Unlocked) Smartphone,1
iPhone 11 PRO Tempered Glass protector,0
Red iPhone 8plus 64g,1
Galaxy fold Silver,1
T-Mobile signal booster WiFi,0
T mobile signal booster 4G LTE,0
New version Verizon iPhone 11 Pro Max Unl/ocked -Mint Condition,1
iPhone 7,1
Brand new iPhone 6s 32 gb,1
Selling my iPhone XR,1
Pelican Marine iPhone 7+ 8+ brand new 100% waterproof $50,1
"Bodyguardz pure2 extreme impact iPhone 6s+,7+8+ brand new $25",0
"i pay CASH - iPhone 11 pro Max , Xs Max Xr galaxy s10 note 10 iPhone X",0
UNLOCKED Iphone 11 promax512G/B,1
iPhone11 Face ID promax512gb,1
Cell Phone Cases Covers Skins Screen Protectors Other Accessories,0
Pre-Owned IPhone 8 Plus for Sale,1
iPhone 8 unlocked,1
iPhone 7 - 32gb - Gold,1
Samsung Galaxy S10 plus 12M Warranty Amazing Carrier Free,1
iPhone 7,1
iPhone XR (10R) UNLOCKED perfect condition,1
Apple Earphones BRAND NEW,0
I phone 5s,1
Car cell phone charger,0
"iPhone 4/5, cases, screen protectors",0
iphone ipad samsung galaxy screen replacement,0
iphone ipad samsung galaxy screen replacement,0
"i pay CASH - iPhone 11 pro Max , Xs Max Xr galaxy s10 note 10 iPhone X",0
"lot of cell phone cases, and tech armor screen protector",0
Jabra Talk 35 earpiece,0
ZTE AXON 7,1
IPhone 11 from Verizon,1
12 months warranty Apple iPhone X 256GB Cricket or any other network,1
IPhone 11 pro max midnight Green unlocked////tempered glass protector,1
Verizon locked phone,1
New Verizon LG Optimus Zone 2 smartphone,1
Cellphone Repair Fast While You Wait,0
Samsung Galaxy Note9 Unlocked 128GB - Ocean Blue,1
Cellphone Repair Fast While You Wait,0
Cellphone Repair Fast While You Wait,0
"i pay CASH - iPhone 11 pro Max , Xs Max Xr galaxy s10 note 10 iPhone X",0
iPhone 11 Verizon factory unlocked 256 Gb black,1
Metro pcs cool pad. $80,1
Apple IPhone 6 Plus,1
iPhone 8 (New) LCD Screen,0
iPhone 8 Plus (New) LCD Screen,0
Galaxy S6 New LCD Screen,0
Galaxy S3 New LCD Screen,0
iPhone 6s (New) LCD Screen,0
iPhone 8 Repair,0
Galaxy S4 New LCD Screen,0
iPhone 8 Plus (New) LCD Screen,0
iPhone 5c (New) LCD Screen,0
Repair iPhone 6s,0
iPhone X (New) LCD Screen,0
iPhone 6s (New) LCD Screen,0
Samsung Galaxy S3 (New) LCD Screen,0
Samsung Galaxy S7 (New) LCD Screen,0
iPhone 8 (New) LCD Screen,0
iPhone 5 (New) LCD Screen,0
iPhone 7 (New) LCD Screen,0
iPhone 6 Plus (New) LCD Screen,0
iPhone 5s (New) LCD Screen,0
iPhone X (New) LCD Screen,0
iPhone 8 Repair,0
Repair iPhone SE,0
iPhone 7 Plus Repair,0
Repair iPhone 6s,0
iPhone 8 Repair,0
Repair iPhone 5,0
Repair iPhone 6,0
Repair iPhone SE,0
Repair iPhone 5s,0
iPhone 7 Plus Repair,0
iPhone 7 Repair,0
New Lenovo phab 2,0
"MacBook Air, $50 down, Financed!",0
New Motorola e6,1
Cellphone Repair Fast While You Wait,0
Iphone x max 256!,1
Mint Mobile Prepaid SIM Card with Unlimited Talk and Text 8GB/Month LT,1
NEW SAMSUNG GALAXY NOTE 9 UNLOCKED,1
"i pay CASH - iPhone 11 pro Max , Xs Max Xr galaxy s10 note 10 iPhone X",0
Verizon iPhone 6s 128g,1
LG Stylo,1
Clean Unlocked Samsung Phones Samsung Active Samsung Note,1
IPad,0
Samsung Galaxy 4 lcd screen replacement,0
iPhone 7 lcd screen replacement,0
iPhone 6s Plus lcd screen replacement,0
iPhone 5 lcd screen replacement,0
iPhone 7 lcd screen replacement,0
iPhone 8 lcd screen replacement,0
iPhone 7 Plus lcd screen replacement,0
Samsung Galaxy S7 lcd screen replacement,0
Samsung Galaxy S5 lcd screen replacement,0
Lcd Screen For iPhone 5s,0
iPhone 7 Plus (New) LCD Screen,0
iPhone 8 (New) LCD Screen,0
iPhone 7 (New) LCD Screen,0
iPhone X (New) LCD Screen,0
iPhone 5c (New) LCD Screen,0
iPhone 6s (New) LCD Screen,0
iPhone 5 (New) LCD Screen,0
iPhone 5s (New) LCD Screen,0
iPhone 6 (New) LCD Screen,0
"i pay CASH - iPhone 11 pro Max , Xs Max Xr galaxy s10 note 10 iPhone X",0
Phone is great condition Unlocked iPhone X 256GB Silver Zero scratches,1
Midnight Green%%%Excellent condition Apple iPhone 11 pro max Unlocked,1
Iphone 7 Plus 128gb Rose Gold [Unlocked],1
Samsung Galaxy Note 8 [Unlocked],1
Samsung galaxy s7 edge,1
Looking to BUY IPHONES & GALAXY . Paying TOP CASH! 24 hrs a day,0
"iPHONES WANTED - 11 PRO MAX, 11 PRO & 11",0
Samsung Galaxy S9 Unlocked,1
Google Pixel 4 XL - 128GB - White,1
iPhone 11 Pro,1
Samsung - galaxy s9,1
ZTE hotspot,0
Samsung s8+,1
"Galaxy S10, unlocked, 128GB",1
iPhone X 256gb Silver The phone is in perfect working condition,1
100% perfect iPhone 11 pro max 256GB Midnight Green Phone looks new,1
20 android charging cables,0
IPhone X 64gb,1
Zhiyun smooth Q,0
MISCELLANEOUS CELL PHONES INCLUDING SAMSUNGS AND LG TRACFONES,1
Brand new iPhone 11 Pro,1
iPhone X White 64GB - Unlocked,1
3 cases for Moto Z Android,0
IPHONE 8,1
I phone 6s plus,1
Unlocked Verizon note 8,1
PAY CASH FOR IPHONE 11 MAX PRO SAMSUNG GALAXY S10 NOTE 10,0
SDHC memory card,0
Buying All iPhone IPad MacBooks,0
iPhone 8 - Space Grey - 64 GB,1
Iphone 11 pro max,1
Samsung Galaxy S8 Plus,1
iPhone 7plus 256GB great condition,1
Samsung Convoy 2 - New,1
Samsung Gusto 2 - New,1
TWO S8 PLUSES.BOTH BLOCKED ON TMOBILE.BOTH HAVE SMALL CRACKS $125 EACH,1
Unlocked iPhone 7 32gb matte black,1
iPhone 7 Plus,1
Black 64GB iPhone 8- AT&T,1
Sealed AT&T iPhone 8- Black 64GB,1
Excellent Condition iPhone 10,1
IPHONE 6,1
Garmin GPS Phone Holder,0
iPhone 5 16gb unlocked,1
Samsung Note 9 Unlocked *** Like New ***,1
Phone Repair!!,0
"i pay CASH - iPhone 11 pro Max , Xs Max Xr galaxy s10 note 10 iPhone X",0
iphone xr,1
"iPHONES WANTED - 11 PRO MAX, 11 PRO & 11",0
Come to the cricket store 4050 Lancaster ave,0
"Samsung Galaxy S6, SM-G920T, Unlocked, 32GB, New in Box",1
4 different phones for free when you switch overg,0
Unlocked iPhone 11 (Very Lightly Used),1
"i pay CASH - iPhone 11 pro Max , Xs Max Xr galaxy s10 note 10 iPhone X",0
SEALED Brand New iPhone 11 128g,1
iPhone 6s,1
"NEW ! iphone 5/5s/5c Shatterguardz, Screen Guard and Phone Cases",0
ATT iPhone 11 Pro 512 Midnight Green,1
GALAXY S 3 STANDARD BATTERY COVER,0
IPhone 6,1
Unlocked iPhone XS 64gb Gold Brand New Sealed in box,1
New iPhone X Cases,0
NEW Coosh Car Vent Cell Phone Mount,0
Iphone 8 for Sprint,1
iPhone 8 Plus,1
"i pay CASH - iPhone 11 pro Max , Xs Max Xr galaxy s10 note 10 iPhone X",0
Apple iPhone 7 32GB Factory Unlocked -Excellent condition,1
Nokia 6 (2017),1
IPhone7,1
Samsung galaxy s10 plus,1
Scam alert BLACKLISTED ICLOUD REMOVAL,0
LG Flip Phone,1
"i pay CASH - iPhone 11 pro Max , Xs Max Xr galaxy s10 note 10 iPhone X",0
Verizon Flip Phone,1
OnePlus 6T- Excellent Condition!,1
"iPHONES WANTED - 11 PRO MAX, 11 PRO & 11",0
Otterbox case for iPhone 6Plus,0
"Unlocked Samsung Galaxy s8 plus , VR headset , case , charger",1
Iphone PRO MAX UNLOCKED,1
iPhone Repairs and Unlocks,0
LS993 Sprint LG G6 - make an offer,1
Brand new galaxy tab s4 with s pen,0
4 different phones when you switch,0
Iphone 5C - Good condition,1
Variety of cell phone accessories,0
"i pay CASH - iPhone 11 pro Max , Xs Max Xr galaxy s10 note 10 iPhone X",0
GV% I want to-by your phone~!,0
"iPhone 6S Plus, for Parts or Repair Rose Gold",0
"iPhone 6S Plus, for Parts or Repair Rose Gold",0
ALCATEL CELL PHONE,1
iPhone XS Max 64Gb Unlocked,1
iPhone X 64GB Unlocked,1
Iphone,1
"i pay CASH - iPhone 11 pro Max , Xs Max Xr galaxy s10 note 10 iPhone X",0
Samsung Gear X Bluetooth,0
Unlocked Samsung Galaxy Note 4,1
Brand new Lifeproof case,0
Wanted: iPhone-Nintendo-Samsung-Galaxy-Pro Max-Buy-Sell-Macbook,0
"i pay CASH - iPhone 11 pro Max , Xs Max Xr galaxy s10 note 10 iPhone X",0
Lot of 384 Cell Phone Cleaner Cleaning Germ Free Spray Great for gifts,0
Speck CandyShell IPhone 8/iPhone6/6s/7 Black Case - Boutique,0
PureGear iPhone Xr High-Def Tempered Glass Screen Protector,0
2-IPHONES--4S--CHARGING CABLES--CASES--WORK,0
Samsung Galaxy S10,1
I 11 pro we buy,0
CELL-PHONE EAR-BUDS ( NEW ),0
"CELL PHONE, CAMERA, SANDISK, STRAP",0
Unlock Iphone 6 Gold,1
Looking to BUY IPHONES & GALAXY . Paying TOP CASH! 24 hrs a day,0
Samsung Unlock Code - $19.99,0
"i pay CASH - iPhone 11 pro Max , Xs Max Xr galaxy s10 note 10 iPhone X",0
iPhone 11 pro,1
Galaxy 8 Plus black,1
"CASH NOW FOR iPhone 11 , 11 Pro Max , XS Max Xr Samsung Galaxy , BUYER",0
I phone 11 pro,1
iPad 6th Generation 32GB Wife,0
In good condition Unlocked iPhone X 256 gb with headphones and battery,1
Apple iPhone X,1
Selling my like new unlocked iPhone 11 pro max@@@@@used on any carrier,1
IPHONE XR MOPHIE CHARGEABLE CASE (RED),0
iPhone Xs 64GB LIKE NEW,1
Samsung j3prime,1
Apple iPhone XS Max 256GB Silver (AT&T) - great condition,1
iPhone 6s 16GB Unlocked Brand New,1
iPhone xs,1
"i pay CASH - iPhone 11 pro Max , Xs Max Xr galaxy s10 note 10 iPhone X",0
Life Proof Case for IPhone 6s,0
LG phone for boost mobile,1
DX%%BuY-iNg NoW Samsung ICLOUD Galaxy NEW!FRESH !,0
iPhone X 64G in white,1
I phone11 w buy,1
Sonim XP Strike,1
Galaxy Note 5 Otter Box Case,0
OBI 200 - FOR FREE LAND LINE CALLS,0
CAS##$%H Ful-LY FreSh-H PASSWORDÃ¢IPhone X -['ooii,0
Android Cell Phone w/Keyboard,1
New iPhone 11,1
Iphone 7 128 gig NO ISSUES,1
SWAP my iPhone XS for Galaxy S10 Plus/Note or Google Pixel 4,0
IPHONE 7 - Lost- Stolen?Will Buy back Back,0
Perfect condition iPhone 11 pro max Midnight Green color battery 100%,1
problem free 256 GB Apple iPhone X Silver works with all carriers,1
"iPhone 4S - 8 gig, AT&T w/ Factory Reset",1
iPhone 11,1
LG STYLO PLUS 2 VERIZON,1
VERIZON LGV20,1
Samsung Galaxy S10E,1
iPhone 8 - 64GB - $375- Gold,1
Theee Free phones when you switch over,0
iPhone 6s 16GB Unlocked Brand New,1
iPhone 6s 16GB Unlocked Brand New,1
iPhone 6s 16GB Unlocked Brand New,1
IPHONE 6 PLUS 16GB VERIZON UNLOCKED - LIKE NEW,1
IPHONE XR FOR SALE (NO CRACKS/NO SCRATCHES/EXCELLENT CONDITION),1
Ã¢Ã¢CHEAP PRICE Apple iPhone 7 Plus 128GB (GSMÃ¢CDMA)Ã¢Ã¢ -,1
Ã¢Ã¢CHEAP PRICE Apple iPhone 7 Plus 128GB (GSMÃ¢CDMA)Ã¢Ã¢ -,1
iPhone 11 Pro Max 64gb,1
Apple i Phone 8plus |Ã¢Â¥| 256GB-PICTURE PERFE_UNLOCKEDÃ¢,1
"iPhone Xr - Unlocked, 128GB w/AppleCare+ thru 9/20",1
AT&T iPhone XS Max 256gb Space Grey - Brand New Condition,1
Samsung Galaxy 8,1
Iphone 7 PLUS 128GB UNLOCKED,1
Samsung exhibit t599n,1
PAY CASH FOR IPHONE 11 PRO MAX SAMSUNG GALAXY NOTE 10 S10,0
Apple iPhone X Silver 256GB Super Retina HD Display AT&T Smartphone,1
Apple iPhone 11 Pro Max Triple Rear Camera in flawless condition,1
SWAP my iPhone XS for Galaxy S10 Plus/Note or Google Pixel 4,0
iPhone 7 32GB like new,1
PAY CASH FOR IPHONE 11 PRO MAX SAMSUNG GALAXY NOTE 10 S10,0
IPhone XS MAX 64GB SPACE GRAY,1
iphone ipad samsung galaxy screen replacement,0
iphone ipad samsung galaxy screen replacement,0
iPhone XR,1
Simple Mobile $40 Refill Card - New (unscratched),0
iPhone 8,1
iPhone 6s BROKEN,1
OtterBox case for Galaxy S9 plus,0
!!iso iPhoneX +++ (GSM Unlocked*!*@!*~/* 64 GB ) -,1
Silver iPhone X 256gb unlocked Always kept in a case Proof of receipt,1
BUY&&^ Need=Pixel 2 XL Black%PARTS% and White Verizon 64GB !,0
Apple Watch. Series 3. 42 MM,0
Sprint Samsung Galaxy Note 8 & GSM Unlocked,1
iPhone 8 256gig - Like New waterproof unlock all carrier,1
5 iPhones,1
Apple iPhone X 256 GB unlocked excellent condition free case & screen,1
Otter Boxes,0
iPhone 5,1
IPhone XR (Blue) Unlocked,1
AT&T SAMSUNG NOTE 9,1
Samsung Galaxy S8 Edge LIKE NEW,1
Brand new phone Samsung,1
Apple Iphone 7 Gold 128GB. Clean- Comes with charger & headpgones/box,1
Samsung galaxy S7,1
Iphone6 64GB,1
AT&T IPhone X,1
Unlocked iPhone X 64GB - Great Condition,1
"unlocked, space gray, iPhone X, 64gb",1
iPhone 7 (T-Mobile),1
"iPad Pro 10.5 1-year warranty, mint",1
Sprint Samsung Galaxy Note 8 & GSM Unlocked,1
Excellent Condition Iphone 6 PLUS Sprint / Unlocked for GSM Carriers,1
Selling a awesome condition Apple iPhone X No scratches or damage,1
100% Working Iphone 11 pro max 256GB Unlocked accepts any chip or SIM,1
FFC^%%Brand New Samsung NOTE 8/9+ For Sprint BG,1
iPhone XR for sale,1
iphone 7 256GB Unlocked,1
Unlocked iPhone X (64gb),1
iPhone 5 for Sale as Parts,0
Samsung S8,1
Two galaxy s5 phone covers,0
iPhone by qurbry,1
iPhone 11Pro Max 256gb,1
Tmobile Samsung Galaxy Note 8 I stopped paying the bill,1
YenÃ¢s hardwood floors,0
iPhone XR,1
iPhone X 64gb T-Mobile Unlocked,1
SAMSUNG GALAXY S8 PLUS FACTORY UNLOCKED - DUAL SIM,1
Like new 256GB - Silver iPhone X Super Retina original accessories,0
"iPhone 11 64 GB, T-Mobile & Cricket",1
MOTOROLA MOTO G6 64G,1
Cellphone Repair Fast While You Wait,0
Otter box cell phone case for iPhone 7,0
LG Smart Phone - Retail Price $150+++,1
Nokia 3310 3G - Unlocked,1
Samsung Note 9 1y Warranty with 512 Giga Fantastic W Box Sim Free,1
Iphone XS MAX 512G Unlocked Gold,1
iPhone X 256G sliver unlocked,1
iphone 6s pink 16G Unlocked,1
Iphone 6s Plus Black 64G Unlocked,1
iPhone 6s Plus Gold 128G Unlocked,1
LOOKING FOR iPhone 128 or 256 gb - will buy this week! ($300 - $550),0
Cellphone Repair Fast While You Wait,0
BlackBerry,1
Brand New Unopened iPhone 8 for sale,1
iPhone 8 - iCloud locked - light crack - parts only,0
2 locked iPhone 6s's in excellent physical condition for parts only,0
iPhone 4 8GB Black Unlocked,1
Original iPhone,1
Galaxy J7 STAR,1
Cellphone Repair Fast While You Wait,0
Iphone xr black 64gb unlocked,1
Tmobile Oneplus 6T 8gb of ram 128gb of storage,1
ppp,0
Samsung Galaxy s4 fully unlocked,1
Samsung Galaxy note 10,1
Green iPhone 11 64GB T-Mobile Brand New,1
IPHONE 6 16GB GSM UNLOCKED - LIKE NEW!!!,1
unlocked iphonex black 64 gb perfect condition,1
iPhone 7 32GB Unlocked,1
iPhone 5SE 32Gb Unlocked,1
iPhone 7 32Gb AT&T,1
Cellphone Repair Fast While You Wait,0
ZTE Phone for sale,1
UNLOCKED IPHONE XS MAX - WHITE,1
Apple iPhone 7 128GB *UNLOCKED* with Smart Battery,1
iphone ipad samsung galaxy screen replacement,0
Samsung Galaxy Note 10 Plus 256gb Aura Glow,1
Le eco x522,1
iPhone 7 Mophie Case,0
iPhone /AirPods,1
IPhone 6 Unlocked For Sale,1
Excellent Condition Iphone 6 PLUS Sprint / Unlocked for GSM Carriers,1
Samsung S5.new. UNLOCKED,1
S8 Barely Used. Cricket ot At@t,1
iPhones X,1
iphone 6 6smagnetic disassembly chart,0
Excellent Condition Iphone 6 PLUS Sprint / Unlocked for GSM Carriers,1
Eagles Phillies Phone Case iPhone 8,0
Apple iPhone 8 4G LTE - 256GB - Rose Grey (Unlocked) (CDMA + GSM),1
IPHONE 8 PLUS-TMOBILE-GOLD,1
Brand NEW iPhone XS 64GB - Space Gray - TMobile Locked,1
FYY Case,0
Google Pixel - Like NEW,1
UNLOCKED APPLE IPHONE 7 32G CDMA/GSM ATT OR METRO AND SIMPLE MOBILE,1
Transfer your number and save,0
T Mobile Galaxy 9,1
iPhone 11 pro in New Condition,1
Iphone X 256gb charger and cable,0
Unlocked iPhone X,1
Alcalel Raven Tracphone,1
ZTE Pargon Tracphone,1
Keyboard Cover Samung Galaxy S7 Edge & Samsung S7 Edge Flip Cover,0
IPhone 7 32GB Silver,1
iPhone 10 max 256 gb,1
Motorola Moto E6 Phone,1
IPhone 10,1
White iPhone 5S,1
iPhoneÃ°Â± 7 + in excellent visual condition ( no scratches or dents)//,1